{
  "timestamp": "2026-01-18T19:54:13.667993",
  "tasks": {},
  "overall_stats": {
    "total_configurations_tested": 12,
    "successful_configurations": 12,
    "failed_configurations": 0,
    "average_val_acc": 78.7975912975913,
    "best_val_acc": 86.36363636363636,
    "worst_val_acc": 68.41491841491842,
    "tasks_tested": [
      "SSVEP"
    ]
  }
}