{
  "task": "SSVEP",
  "mode": "smart",
  "sampling_rate": 250,
  "total_configs": 9,
  "successful_configs": 9,
  "max_configs": 10,
  "best_config": {
    "task": "SSVEP",
    "config_name": "nperseg128_overlap50pct_nfft512",
    "nperseg": 128,
    "noverlap": 64,
    "nfft": 512,
    "overlap_ratio": 0.5,
    "time_resolution_sec": 0.512,
    "time_step_sec": 0.256,
    "freq_resolution_hz": 0.48828125,
    "val_acc": 83.91608391608392,
    "val_f1": 84.06165662334702,
    "val_recall": 83.91608391608393,
    "val_auc": 99.32231404958678,
    "test1_acc": 84.14918414918415,
    "test1_f1": 84.20590760466283,
    "test1_recall": 84.14918414918415,
    "test1_auc": 99.37387864660592,
    "test1_loss": 0.5050466703251004,
    "test2_acc": 92.94871794871794,
    "test2_f1": 92.97177014735543,
    "test2_recall": 92.94871794871796,
    "test2_auc": 99.72542735042735,
    "test2_loss": 0.26447010966949164
  },
  "top10_configs": [
    {
      "task": "SSVEP",
      "config_name": "nperseg128_overlap50pct_nfft512",
      "nperseg": 128,
      "noverlap": 64,
      "nfft": 512,
      "overlap_ratio": 0.5,
      "time_resolution_sec": 0.512,
      "time_step_sec": 0.256,
      "freq_resolution_hz": 0.48828125,
      "val_acc": 83.91608391608392,
      "val_f1": 84.06165662334702,
      "val_recall": 83.91608391608393,
      "val_auc": 99.32231404958678,
      "test1_acc": 84.14918414918415,
      "test1_f1": 84.20590760466283,
      "test1_recall": 84.14918414918415,
      "test1_auc": 99.37387864660592,
      "test1_loss": 0.5050466703251004,
      "test2_acc": 92.94871794871794,
      "test2_f1": 92.97177014735543,
      "test2_recall": 92.94871794871796,
      "test2_auc": 99.72542735042735,
      "test2_loss": 0.26447010966949164
    },
    {
      "task": "SSVEP",
      "config_name": "nperseg128_overlap93pct_nfft512",
      "nperseg": 128,
      "noverlap": 120,
      "nfft": 512,
      "overlap_ratio": 0.9375,
      "time_resolution_sec": 0.512,
      "time_step_sec": 0.032,
      "freq_resolution_hz": 0.48828125,
      "val_acc": 82.16783216783217,
      "val_f1": 82.35549814872891,
      "val_recall": 82.16783216783217,
      "val_auc": 99.27625909444093,
      "test1_acc": 81.58508158508158,
      "test1_f1": 81.56915289899105,
      "test1_recall": 81.58508158508157,
      "test1_auc": 99.33305078759625,
      "test1_loss": 0.542864917639505,
      "test2_acc": 91.98717948717949,
      "test2_f1": 91.91715926832983,
      "test2_recall": 91.98717948717949,
      "test2_auc": 99.82478632478633,
      "test2_loss": 0.24014015728607774
    },
    {
      "task": "SSVEP",
      "config_name": "nperseg128_overlap50pct_nfft2048",
      "nperseg": 128,
      "noverlap": 64,
      "nfft": 2048,
      "overlap_ratio": 0.5,
      "time_resolution_sec": 0.512,
      "time_step_sec": 0.256,
      "freq_resolution_hz": 0.1220703125,
      "val_acc": 79.13752913752914,
      "val_f1": 79.30840977322407,
      "val_recall": 79.13752913752913,
      "val_auc": 98.96150314332132,
      "test1_acc": 78.08857808857809,
      "test1_f1": 78.19772804670309,
      "test1_recall": 78.08857808857807,
      "test1_auc": 98.87829342374796,
      "test1_loss": 0.6925167507595487,
      "test2_acc": 90.7051282051282,
      "test2_f1": 90.55775405293154,
      "test2_recall": 90.7051282051282,
      "test2_auc": 99.82478632478633,
      "test2_loss": 0.29426741059869527
    },
    {
      "task": "SSVEP",
      "config_name": "nperseg128_overlap75pct_nfft512",
      "nperseg": 128,
      "noverlap": 96,
      "nfft": 512,
      "overlap_ratio": 0.75,
      "time_resolution_sec": 0.512,
      "time_step_sec": 0.128,
      "freq_resolution_hz": 0.48828125,
      "val_acc": 78.78787878787878,
      "val_f1": 79.11089811029757,
      "val_recall": 78.78787878787877,
      "val_auc": 97.7372324645052,
      "test1_acc": 80.53613053613054,
      "test1_f1": 80.60489239424027,
      "test1_recall": 80.53613053613053,
      "test1_auc": 98.54969273151093,
      "test1_loss": 0.7210244485780735,
      "test2_acc": 94.87179487179488,
      "test2_f1": 94.78844009947689,
      "test2_recall": 94.87179487179488,
      "test2_auc": 99.74252136752136,
      "test2_loss": 0.23831236392725258
    },
    {
      "task": "SSVEP",
      "config_name": "nperseg128_overlap87pct_nfft256",
      "nperseg": 128,
      "noverlap": 112,
      "nfft": 256,
      "overlap_ratio": 0.875,
      "time_resolution_sec": 0.512,
      "time_step_sec": 0.064,
      "freq_resolution_hz": 0.9765625,
      "val_acc": 77.97202797202797,
      "val_f1": 78.1398735006688,
      "val_recall": 77.97202797202796,
      "val_auc": 97.83824256551529,
      "test1_acc": 79.37062937062937,
      "test1_f1": 79.25070399482134,
      "test1_recall": 79.37062937062936,
      "test1_auc": 98.22914459278095,
      "test1_loss": 0.8143569897446368,
      "test2_acc": 93.58974358974359,
      "test2_f1": 93.34278017184742,
      "test2_recall": 93.58974358974359,
      "test2_auc": 99.86111111111111,
      "test2_loss": 0.22267477186396717
    },
    {
      "task": "SSVEP",
      "config_name": "nperseg128_overlap87pct_nfft1024",
      "nperseg": 128,
      "noverlap": 112,
      "nfft": 1024,
      "overlap_ratio": 0.875,
      "time_resolution_sec": 0.512,
      "time_step_sec": 0.064,
      "freq_resolution_hz": 0.244140625,
      "val_acc": 76.8065268065268,
      "val_f1": 76.90710074188819,
      "val_recall": 76.8065268065268,
      "val_auc": 98.9849544394999,
      "test1_acc": 77.85547785547786,
      "test1_f1": 77.86328262582109,
      "test1_recall": 77.85547785547784,
      "test1_auc": 98.78703115066752,
      "test1_loss": 0.7241002604089402,
      "test2_acc": 90.06410256410257,
      "test2_f1": 89.9644843297248,
      "test2_recall": 90.06410256410255,
      "test2_auc": 99.89423076923077,
      "test2_loss": 0.26271914765238763
    },
    {
      "task": "SSVEP",
      "config_name": "nperseg64_overlap87pct_nfft512",
      "nperseg": 64,
      "noverlap": 56,
      "nfft": 512,
      "overlap_ratio": 0.875,
      "time_resolution_sec": 0.256,
      "time_step_sec": 0.032,
      "freq_resolution_hz": 0.48828125,
      "val_acc": 76.57342657342657,
      "val_f1": 76.57209490767247,
      "val_recall": 76.57342657342657,
      "val_auc": 98.85159285159287,
      "test1_acc": 77.50582750582751,
      "test1_f1": 77.50847927765521,
      "test1_recall": 77.50582750582751,
      "test1_auc": 98.9633396906124,
      "test1_loss": 0.7182233948950414,
      "test2_acc": 90.38461538461539,
      "test2_f1": 90.37994187158067,
      "test2_recall": 90.38461538461537,
      "test2_auc": 99.80662393162393,
      "test2_loss": 0.36182723455131055
    },
    {
      "task": "SSVEP",
      "config_name": "nperseg128_overlap87pct_nfft512",
      "nperseg": 128,
      "noverlap": 112,
      "nfft": 512,
      "overlap_ratio": 0.875,
      "time_resolution_sec": 0.512,
      "time_step_sec": 0.064,
      "freq_resolution_hz": 0.48828125,
      "val_acc": 74.009324009324,
      "val_f1": 74.20376832215321,
      "val_recall": 74.009324009324,
      "val_auc": 98.78491205763932,
      "test1_acc": 74.70862470862471,
      "test1_f1": 74.63413009295262,
      "test1_recall": 74.70862470862471,
      "test1_auc": 98.8667796849615,
      "test1_loss": 0.7387400464051299,
      "test2_acc": 88.14102564102564,
      "test2_f1": 88.04214694014026,
      "test2_recall": 88.14102564102562,
      "test2_auc": 99.77564102564102,
      "test2_loss": 0.3673526208847761
    },
    {
      "task": "SSVEP",
      "config_name": "nperseg128_overlap87pct_nfft2048",
      "nperseg": 128,
      "noverlap": 112,
      "nfft": 2048,
      "overlap_ratio": 0.875,
      "time_resolution_sec": 0.512,
      "time_step_sec": 0.064,
      "freq_resolution_hz": 0.1220703125,
      "val_acc": 73.1934731934732,
      "val_f1": 73.17487811024978,
      "val_recall": 73.1934731934732,
      "val_auc": 98.1986296531751,
      "test1_acc": 72.02797202797203,